{
    "wbch": ["0x3743eC0673453E5009310C727Ba4eaF7b3a1cc04","https://www.smartscan.cash/address/0x3743eC0673453E5009310C727Ba4eaF7b3a1cc04"],
    "benswap-router": ["0xa194133ED572D86fe27796F2feADBAFc062cB9E0", "https://www.smartscan.cash/address/0xa194133ED572D86fe27796F2feADBAFc062cB9E0"],
    "benswap-factory": ["0x8d973bAD782c1FFfd8FcC9d7579542BA7Dd0998D", "https://www.smartscan.cash/address/0x8d973bAD782c1FFfd8FcC9d7579542BA7Dd0998D"],
    "benswap-masterbreeder": ["0xDEa721EFe7cBC0fCAb7C8d65c598b21B6373A2b6", "https://www.smartscan.cash/address/0xDEa721EFe7cBC0fCAb7C8d65c598b21B6373A2b6"],
    "benswap-timelock": ["0x422D79D23986468166DBa045d73B6292FdAa0a47", "https://www.smartscan.cash/address/0x422D79D23986468166DBa045d73B6292FdAa0a47"]
}
