{
"$CATS": ["0x265bD28d79400D55a1665707Fa14A72978FA6043", 2, "https://twitter.com/CashCatsBCH"],
"sBUSD": ["0x9288df32951386A8254aEaF80a66B78cCaf75b82", 2, "https://sbusd.cash","https://www.marketcap.cash/_next/image?url=%2Fsbusd.jpg&w=64&q=75"],
"EBEN": ["0x77CB87b57F54667978Eb1B199b28a0db8C8E1c0B",18, "https://docs.benswap.cash/tokenomics/green-ben-eben","https://benswap.cash/images/ben/EBEN64x64.png"],
"HONK": ["0xF2d4D9c65C2d1080ac9e1895F6a32045741831Cd", 2, "https://honkhonk.io"],
"ZOMBIE": ["0x80453acdfe0073d6743b27d72e06f48777eead80", 0, "https://zombies.onuniverse.com","https://gateway.pinata.cloud/ipfs/QmSFyejP46jhvgVHW9gTEYT8NBfaF8RYfzL4GLVM75xJfq"],
"VANDALS": ["0x2a886b947d5a8f0e09408c9069914fa44c06ed7e", 8, "https://vandalstoken.onuniverse.com","https://gateway.pinata.cloud/ipfs/QmR1nxmvGsxMQgDsZdNN6tc4WDVSRQnqnTPSuQjPQwNa1Z"],  
"MAZE": ["0x481de06dca0198844faa36fca04db364e5c2f86c", 6, "https://mazetoken.github.io","https://gateway.pinata.cloud/ipfs/QmQhEHRbxsFvSxaBFhSUD92z3WQNSYxfW9iFJmYBWRR2JL"],
"UAT": ["0xffa2394b61d3de16538a2bbf3491297cc5a7c79a", 18, "https://www.uat.cash"],
"HAM": ["0x252fd94f3Fb53D3D62F4FEc708501ACd59A57e52", 8, "https://linktr.ee/The_HAM_Token","https://ibb.co/Qdkdn88"], 
"WRS": ["0x445B3712A09f8102Dd0c1ffb6B3b0dE4D3B643b7", 6, "https://linktr.ee/The_HAM_Token","https://ibb.co/52jZB8g"],
"CandyMan": ["0x0D8b355f9CEDeB612f2df4B39CdD87059A244567", 2, "https://istmeprincess.github.io/CandyMan/","https://telegra.ph/file/a5a8e27e00eaa36e90ac7.png"],
"SPICE": ["0xE11829A7D5d8806BB36E118461a1012588faFD89", 18, "",""],
"LAWTOKEN": ["0x0b00366fBF7037E9d75E4A569ab27dAB84759302", 18, "",""],
"sVNT": ["0x8f66C730e383Bb412a9a3cB58178BAb2f432d194", 18, "",""],
"HODL": ["0xB24D7763516bca9656779d760be9a32490f46E27", 18, "",""],
"$KITTEN": ["0x7eBeAdb95724a006aFaF2F1f051B13F4eBEBf711", 18, "",""],
"PHA": ["0x5a3bB59F34D60E9EB5643Fb80C8D712275F6a96A", 18, "",""],
"KTH": ["0xc70c7718C7f1CCd906534C2c4a76914173EC2c44", 18, "",""],
"ARG": ["0x675E1d6FcE8C7cC091aED06A68D079489450338a", 18, "",""],
"Shiba": ["0x2f309b9D47b1Ce7f0ec30a26baB2dEaB8c4ea5E9", 18, "",""],
"LAW": ["0x0b00366fBF7037E9d75E4A569ab27dAB84759302", 18, "https://blockng.money/#/","https://dex.benswap.cash/images/coins/0x0b00366fBF7037E9d75E4A569ab27dAB84759302.png"],
"AxieBCH": ["0x3d13DaFcCA3a188DB340c81414239Bc2be312Ec9", 18, "https://axiebch.com","https://www.marketcap.cash/_next/image?url=%2Faxiebch.png&w=64&q=75"],  
"": ""}
